model,split,RMSE,MAE,bias
baseline (train mean),train,160.77931213378906,126.07792663574219,2.403291546215769e-06
baseline (train mean),val,260.6501770019531,197.82937622070312,-120.63935089111328
baseline (train mean),test,208.05625915527344,156.56524658203125,-51.4830436706543
scikit-learn Ridge,train,65.08882141113281,44.96025848388672,5.015453815460205
scikit-learn Ridge,val,114.01823425292969,87.44978332519531,-16.89848518371582
scikit-learn Ridge,test,101.66639709472656,74.82754516601562,6.326649188995361
manual PyTorch,train,65.08895874023438,44.960323333740234,5.015368938446045
manual PyTorch,val,114.01817321777344,87.44981384277344,-16.898420333862305
manual PyTorch,test,101.66618347167969,74.82681274414062,6.324317932128906
nn.Module + optim,train,65.08895874023438,44.9603157043457,5.015367031097412
nn.Module + optim,val,114.01818084716797,87.44981384277344,-16.898426055908203
nn.Module + optim,test,101.66618347167969,74.82681274414062,6.324306964874268
